"param","analysis1","analysis2"
"studyName","Viral_Sinusitis","One drug less"
"targetCohortId","7","7"
"eventCohortIds","1,2,3,4,5,6","2,3,4,5,6"
"includeTreatments","startDate","startDate"
"periodPriorToIndex","0","0"
"minEraDuration","0","0"
"splitEventCohorts","",""
"splitTime","30","30"
"eraCollapseSize","30","30"
"combinationWindow","30","30"
"minPostCombinationDuration","30","30"
"filterTreatments","First","First"
"maxPathLength","5","5"
"minCellCount","5","5"
"minCellMethod","Remove","Remove"
"groupCombinations","10","10"
"addNoPaths","FALSE","FALSE"
