"event_cohort_name1","event_cohort_name2","index_year","freq"
"Aspirin",NA,1971,5
"Aspirin",NA,1964,11
"Aspirin",NA,1963,13
"Acetaminophen",NA,1973,11
"Aspirin",NA,1967,11
"Acetaminophen",NA,1972,8
"Aspirin",NA,1961,11
"Aspirin",NA,1956,8
"Acetaminophen",NA,1966,7
"Acetaminophen",NA,1974,10
"Acetaminophen",NA,1967,9
"Aspirin",NA,1954,5
"Acetaminophen",NA,1957,6
"Aspirin",NA,1969,9
"Acetaminophen",NA,1962,8
"Acetaminophen",NA,1969,11
"Aspirin",NA,1965,7
"Acetaminophen",NA,1968,6
"Acetaminophen",NA,1956,6
"Acetaminophen",NA,1961,6
"Acetaminophen",NA,1965,11
"Acetaminophen",NA,1955,5
"Aspirin",NA,1968,10
"Acetaminophen",NA,1977,8
"Aspirin",NA,1966,5
"Acetaminophen",NA,1970,9
"Aspirin",NA,1950,7
"Aspirin",NA,1972,6
"Aspirin",NA,1958,6
"Aspirin",NA,1951,8
"Aspirin",NA,1955,8
"Aspirin",NA,1957,7
"Aspirin",NA,1960,10
"Aspirin",NA,1959,7
"Acetaminophen",NA,1958,5
"Aspirin",NA,1973,7
"Aspirin",NA,1974,5
"Acetaminophen",NA,1975,8
"Aspirin",NA,1976,5
