"event_cohort_name","event_seq","AVG_DURATION","COUNT"
"Acetaminophen","1",53.956,226
"Acetaminophen","2",52.692,13
"Amoxicillin","1",NA,NA
"Aspirin","1",53.559,229
"Aspirin","2",57.188,16
"Clavulanate","1",NA,NA
"Other","1",91.942,52
"Other","2",82.833,12
"Total treated","1",57.77,512
"Total treated","2",63.27,41
"All combinations","1",91.94,52
"All combinations","2",82.83,12
"Monotherapy","1",53.9,460
"Monotherapy","2",55.17,29
"Acetaminophen","Overall",53.89,239
"Other","Overall",90.23,64
"Amoxicillin","Overall",NA,NA
"Aspirin","Overall",53.8,245
"Clavulanate","Overall",NA,NA
"Total treated","Overall",58.17,553
"All combinations","Overall",90.23,64
"Monotherapy","Overall",53.98,489
"Doxylamine","Overall",NA,NA
"PenicillinV","Overall",NA,NA
