"index_year","N"
"Number of persons in target cohort 1953","47"
"Number of persons in target cohort 1971","67"
"Number of persons in target cohort 1965","75"
"Number of persons in target cohort 1972","74"
"Number of persons in target cohort 1982","35"
"Number of persons in target cohort 1960","54"
"Number of persons in target cohort 1964","82"
"Number of persons in target cohort 1974","73"
"Number of persons in target cohort 1958","56"
"Number of persons in target cohort 1970","70"
"Number of persons in target cohort 1986","19"
"Number of persons in target cohort 1991","2"
"Number of persons in target cohort 1959","46"
"Number of persons in target cohort 1966","64"
"Number of persons in target cohort 1961","75"
"Number of persons in target cohort 1976","62"
"Number of persons in target cohort 1969","72"
"Number of persons in target cohort 1968","78"
"Number of persons in target cohort 1973","83"
"Number of persons in target cohort 1952","55"
"Number of persons in target cohort 1963","68"
"Number of persons in target cohort 1975","59"
"Number of persons in target cohort 1954","46"
"Number of persons in target cohort 1962","61"
"Number of persons in target cohort 1979","56"
"Number of persons in target cohort 1977","65"
"Number of persons in target cohort 1967","70"
"Number of persons in target cohort 1985","23"
"Number of persons in target cohort 1950","43"
"Number of persons in target cohort 1983","35"
"Number of persons in target cohort 1988","10"
"Number of persons in target cohort 1980","52"
"Number of persons in target cohort 1987","17"
"Number of persons in target cohort 1955","50"
"Number of persons in target cohort 1990","3"
"Number of persons in target cohort 1981","41"
"Number of persons in target cohort 1956","54"
"Number of persons in target cohort 1984","30"
"Number of persons in target cohort 1957","55"
"Number of persons in target cohort 1978","50"
"Number of persons in target cohort 1951","39"
"Number of persons in target cohort 2008","2"
"Number of persons in target cohort 1989","12"
"Number of persons in target cohort 1996","1"
"Number of persons in target cohort 1995","4"
"Number of persons in target cohort 1993","6"
"Number of persons in target cohort 1994","9"
"Number of persons in target cohort 2002","1"
"Number of persons in target cohort 1997","3"
"Number of persons in target cohort 1992","3"
"Number of persons in target cohort 1999","1"
"Number of persons in target cohort 2003","1"
"Number of persons in target cohort NA","2159"
"Number of pathways (before minCellCount) in 1953","12"
"Number of pathways (before minCellCount) in 1971","12"
"Number of pathways (before minCellCount) in 1964","19"
"Number of pathways (before minCellCount) in 1952","10"
"Number of pathways (before minCellCount) in 1963","19"
"Number of pathways (before minCellCount) in 1973","22"
"Number of pathways (before minCellCount) in 1974","19"
"Number of pathways (before minCellCount) in 1967","21"
"Number of pathways (before minCellCount) in 1979","10"
"Number of pathways (before minCellCount) in 1985","5"
"Number of pathways (before minCellCount) in 1983","8"
"Number of pathways (before minCellCount) in 1972","17"
"Number of pathways (before minCellCount) in 1980","7"
"Number of pathways (before minCellCount) in 1961","18"
"Number of pathways (before minCellCount) in 1956","19"
"Number of pathways (before minCellCount) in 1966","14"
"Number of pathways (before minCellCount) in 1984","8"
"Number of pathways (before minCellCount) in 1951","11"
"Number of pathways (before minCellCount) in 1954","12"
"Number of pathways (before minCellCount) in 1957","14"
"Number of pathways (before minCellCount) in 1969","21"
"Number of pathways (before minCellCount) in 1962","17"
"Number of pathways (before minCellCount) in 1965","21"
"Number of pathways (before minCellCount) in 1970","16"
"Number of pathways (before minCellCount) in 1955","14"
"Number of pathways (before minCellCount) in 1975","12"
"Number of pathways (before minCellCount) in 1968","19"
"Number of pathways (before minCellCount) in 1977","13"
"Number of pathways (before minCellCount) in 1950","11"
"Number of pathways (before minCellCount) in 1989","3"
"Number of pathways (before minCellCount) in 1960","18"
"Number of pathways (before minCellCount) in 1995","1"
"Number of pathways (before minCellCount) in 1958","13"
"Number of pathways (before minCellCount) in 1959","11"
"Number of pathways (before minCellCount) in 1976","11"
"Number of pathways (before minCellCount) in 1982","6"
"Number of pathways (before minCellCount) in 1981","9"
"Number of pathways (before minCellCount) in 1978","5"
"Number of pathways (before minCellCount) in 1994","1"
"Number of pathways (before minCellCount) in 1986","3"
"Number of pathways (before minCellCount) in 1993","2"
"Number of pathways (before minCellCount) in 1988","2"
"Number of pathways (before minCellCount) in 2008","1"
"Number of pathways (before minCellCount) in 1997","1"
"Number of pathways (before minCellCount) in 1987","4"
"Number of pathways (before minCellCount) in NA","512"
"Percentage treated (before minCellCount) in event_cohort_name1","23.7146827234831"
"Percentage treated (before minCellCount) in event_cohort_name2","1.89902732746642"
"Number of pathways (after minCellCount) in NA","503"
"Number of pathways (after minCellCount) in 1971","5"
"Number of pathways (after minCellCount) in 1964","11"
"Number of pathways (after minCellCount) in 1963","13"
"Number of pathways (after minCellCount) in 1973","18"
"Number of pathways (after minCellCount) in 1967","20"
"Number of pathways (after minCellCount) in 1972","14"
"Number of pathways (after minCellCount) in 1961","17"
"Number of pathways (after minCellCount) in 1956","14"
"Number of pathways (after minCellCount) in 1966","12"
"Number of pathways (after minCellCount) in 1974","15"
"Number of pathways (after minCellCount) in 1954","5"
"Number of pathways (after minCellCount) in 1957","13"
"Number of pathways (after minCellCount) in 1969","20"
"Number of pathways (after minCellCount) in 1962","8"
"Number of pathways (after minCellCount) in 1965","18"
"Number of pathways (after minCellCount) in 1968","16"
"Number of pathways (after minCellCount) in 1955","13"
"Number of pathways (after minCellCount) in 1977","8"
"Number of pathways (after minCellCount) in 1970","9"
"Number of pathways (after minCellCount) in 1950","7"
"Number of pathways (after minCellCount) in 1958","11"
"Number of pathways (after minCellCount) in 1951","8"
"Number of pathways (after minCellCount) in 1960","10"
"Number of pathways (after minCellCount) in 1959","7"
"Number of pathways (after minCellCount) in 1975","8"
"Number of pathways (after minCellCount) in 1976","5"
