"outcomes","event_cohort_name1","event_cohort_name2","ALL_LAYERS"
"Acetaminophen","44.140625","31.7073170731707","46.6796875"
"Amoxicillin","0.390625","0","0.390625"
"Aspirin","44.7265625","39.0243902439024","47.8515625"
"Clavulanate","0.5859375","0","0.5859375"
"Doxylamine","0","0","0"
"PenicillinV","0","0","0"
"Other","10.15625","29.2682926829268","12.5"
"Fixed combinations","0","0","0"
"All combinations","10.15625","29.2682926829268","12.5"
"Monotherapy","89.84375","70.7317073170732","100"
