"y","outcomes","event_cohort_name1","event_cohort_name2","ALL_LAYERS"
"1971","Amoxicillin","0","NaN","0"
"1971","Aspirin","75","NaN","75"
"1971","Clavulanate","0","NaN","0"
"1971","Doxylamine","0","NaN","0"
"1971","PenicillinV","0","NaN","0"
"1971","Other","25","NaN","25"
"1971","Fixed combinations","0","0","0"
"1971","All combinations","25","NaN","25"
"1971","Monotherapy","75","NaN","100"
"1964","Amoxicillin","0","0","0"
"1964","Aspirin","76.4705882352941","100","82.3529411764706"
"1964","Clavulanate","0","0","0"
"1964","Doxylamine","0","0","0"
"1964","PenicillinV","0","0","0"
"1964","Other","23.5294117647059","0","23.5294117647059"
"1964","Fixed combinations","0","0","0"
"1964","All combinations","23.5294117647059","0","23.5294117647059"
"1964","Monotherapy","76.4705882352941","100","100"
"1963","Amoxicillin","0","NaN","0"
"1963","Aspirin","86.6666666666667","NaN","86.6666666666667"
"1963","Clavulanate","0","NaN","0"
"1963","Doxylamine","0","NaN","0"
"1963","PenicillinV","0","NaN","0"
"1963","Other","13.3333333333333","NaN","13.3333333333333"
"1963","Fixed combinations","0","0","0"
"1963","All combinations","13.3333333333333","NaN","13.3333333333333"
"1963","Monotherapy","86.6666666666667","NaN","100"
"1974","Amoxicillin","0","0","0"
"1974","Aspirin","66.6666666666667","100","77.7777777777778"
"1974","Clavulanate","0","0","0"
"1974","Doxylamine","0","0","0"
"1974","PenicillinV","0","0","0"
"1974","Other","33.3333333333333","0","33.3333333333333"
"1974","Fixed combinations","0","0","0"
"1974","All combinations","33.3333333333333","0","33.3333333333333"
"1974","Monotherapy","66.6666666666667","100","100"
"1967","Amoxicillin","0","0","0"
"1967","Aspirin","100","0","100"
"1967","Clavulanate","0","0","0"
"1967","Doxylamine","0","0","0"
"1967","PenicillinV","0","0","0"
"1967","Other","0","100","8.33333333333333"
"1967","Fixed combinations","0","0","0"
"1967","All combinations","0","100","8.33333333333333"
"1967","Monotherapy","100","0","100"
"1979","Amoxicillin","16.6666666666667","NaN","16.6666666666667"
"1979","Aspirin","66.6666666666667","NaN","66.6666666666667"
"1979","Clavulanate","16.6666666666667","NaN","16.6666666666667"
"1979","Doxylamine","0","NaN","0"
"1979","PenicillinV","0","NaN","0"
"1979","Other","0","NaN","0"
"1979","Fixed combinations","0","0","0"
"1979","All combinations","0","NaN","0"
"1979","Monotherapy","100","NaN","100"
"1952","Amoxicillin","0","NaN","0"
"1952","Aspirin","66.6666666666667","NaN","66.6666666666667"
"1952","Clavulanate","0","NaN","0"
"1952","Doxylamine","0","NaN","0"
"1952","PenicillinV","0","NaN","0"
"1952","Other","33.3333333333333","NaN","33.3333333333333"
"1952","Fixed combinations","0","0","0"
"1952","All combinations","33.3333333333333","NaN","33.3333333333333"
"1952","Monotherapy","66.6666666666667","NaN","100"
"1985","Amoxicillin","0","NaN","0"
"1985","Aspirin","100","NaN","100"
"1985","Clavulanate","0","NaN","0"
"1985","Doxylamine","0","NaN","0"
"1985","PenicillinV","0","NaN","0"
"1985","Other","0","NaN","0"
"1985","Fixed combinations","0","0","0"
"1985","All combinations","0","NaN","0"
"1985","Monotherapy","100","NaN","100"
"1983","Amoxicillin","0","NaN","0"
"1983","Aspirin","60","NaN","60"
"1983","Clavulanate","0","NaN","0"
"1983","Doxylamine","0","NaN","0"
"1983","PenicillinV","0","NaN","0"
"1983","Other","40","NaN","40"
"1983","Fixed combinations","0","0","0"
"1983","All combinations","40","NaN","40"
"1983","Monotherapy","60","NaN","100"
"1961","Amoxicillin","0","NaN","0"
"1961","Aspirin","91.6666666666667","NaN","91.6666666666667"
"1961","Clavulanate","0","NaN","0"
"1961","Doxylamine","0","NaN","0"
"1961","PenicillinV","0","NaN","0"
"1961","Other","8.33333333333333","NaN","8.33333333333333"
"1961","Fixed combinations","0","0","0"
"1961","All combinations","8.33333333333333","NaN","8.33333333333333"
"1961","Monotherapy","91.6666666666667","NaN","100"
"1956","Amoxicillin","0","0","0"
"1956","Aspirin","84.6153846153846","0","84.6153846153846"
"1956","Clavulanate","0","0","0"
"1956","Doxylamine","0","0","0"
"1956","PenicillinV","0","0","0"
"1956","Other","15.3846153846154","100","23.0769230769231"
"1956","Fixed combinations","0","0","0"
"1956","All combinations","15.3846153846154","100","23.0769230769231"
"1956","Monotherapy","84.6153846153846","0","100"
"1953","Amoxicillin","0","NaN","0"
"1953","Aspirin","62.5","NaN","62.5"
"1953","Clavulanate","0","NaN","0"
"1953","Doxylamine","0","NaN","0"
"1953","PenicillinV","0","NaN","0"
"1953","Other","37.5","NaN","37.5"
"1953","Fixed combinations","0","0","0"
"1953","All combinations","37.5","NaN","37.5"
"1953","Monotherapy","62.5","NaN","100"
"1984","Amoxicillin","0","NaN","0"
"1984","Aspirin","60","NaN","60"
"1984","Clavulanate","20","NaN","20"
"1984","Doxylamine","0","NaN","0"
"1984","PenicillinV","0","NaN","0"
"1984","Other","20","NaN","20"
"1984","Fixed combinations","0","0","0"
"1984","All combinations","20","NaN","20"
"1984","Monotherapy","80","NaN","100"
"1954","Amoxicillin","0","NaN","0"
"1954","Aspirin","75","NaN","75"
"1954","Clavulanate","0","NaN","0"
"1954","Doxylamine","0","NaN","0"
"1954","PenicillinV","0","NaN","0"
"1954","Other","25","NaN","25"
"1954","Fixed combinations","0","0","0"
"1954","All combinations","25","NaN","25"
"1954","Monotherapy","75","NaN","100"
"1951","Amoxicillin","0","NaN","0"
"1951","Aspirin","90","NaN","90"
"1951","Clavulanate","0","NaN","0"
"1951","Doxylamine","0","NaN","0"
"1951","PenicillinV","0","NaN","0"
"1951","Other","10","NaN","10"
"1951","Fixed combinations","0","0","0"
"1951","All combinations","10","NaN","10"
"1951","Monotherapy","90","NaN","100"
"1969","Amoxicillin","0","NaN","0"
"1969","Aspirin","100","NaN","100"
"1969","Clavulanate","0","NaN","0"
"1969","Doxylamine","0","NaN","0"
"1969","PenicillinV","0","NaN","0"
"1969","Other","0","NaN","0"
"1969","Fixed combinations","0","0","0"
"1969","All combinations","0","NaN","0"
"1969","Monotherapy","100","NaN","100"
"1965","Amoxicillin","0","0","0"
"1965","Aspirin","100","0","100"
"1965","Clavulanate","0","0","0"
"1965","Doxylamine","0","0","0"
"1965","PenicillinV","0","0","0"
"1965","Other","0","100","10"
"1965","Fixed combinations","0","0","0"
"1965","All combinations","0","100","10"
"1965","Monotherapy","100","0","100"
"1970","Amoxicillin","0","NaN","0"
"1970","Aspirin","71.4285714285714","NaN","71.4285714285714"
"1970","Clavulanate","0","NaN","0"
"1970","Doxylamine","0","NaN","0"
"1970","PenicillinV","0","NaN","0"
"1970","Other","28.5714285714286","NaN","28.5714285714286"
"1970","Fixed combinations","0","0","0"
"1970","All combinations","28.5714285714286","NaN","28.5714285714286"
"1970","Monotherapy","71.4285714285714","NaN","100"
"1962","Amoxicillin","0","NaN","0"
"1962","Aspirin","55.5555555555556","NaN","55.5555555555556"
"1962","Clavulanate","11.1111111111111","NaN","11.1111111111111"
"1962","Doxylamine","0","NaN","0"
"1962","PenicillinV","0","NaN","0"
"1962","Other","33.3333333333333","NaN","33.3333333333333"
"1962","Fixed combinations","0","0","0"
"1962","All combinations","33.3333333333333","NaN","33.3333333333333"
"1962","Monotherapy","66.6666666666667","NaN","100"
"1955","Amoxicillin","0","NaN","0"
"1955","Aspirin","100","NaN","100"
"1955","Clavulanate","0","NaN","0"
"1955","Doxylamine","0","NaN","0"
"1955","PenicillinV","0","NaN","0"
"1955","Other","0","NaN","0"
"1955","Fixed combinations","0","0","0"
"1955","All combinations","0","NaN","0"
"1955","Monotherapy","100","NaN","100"
"1975","Amoxicillin","0","NaN","0"
"1975","Aspirin","100","NaN","100"
"1975","Clavulanate","0","NaN","0"
"1975","Doxylamine","0","NaN","0"
"1975","PenicillinV","0","NaN","0"
"1975","Other","0","NaN","0"
"1975","Fixed combinations","0","0","0"
"1975","All combinations","0","NaN","0"
"1975","Monotherapy","100","NaN","100"
"1968","Amoxicillin","0","NaN","0"
"1968","Aspirin","92.3076923076923","NaN","92.3076923076923"
"1968","Clavulanate","0","NaN","0"
"1968","Doxylamine","0","NaN","0"
"1968","PenicillinV","0","NaN","0"
"1968","Other","7.69230769230769","NaN","7.69230769230769"
"1968","Fixed combinations","0","0","0"
"1968","All combinations","7.69230769230769","NaN","7.69230769230769"
"1968","Monotherapy","92.3076923076923","NaN","100"
"1950","Amoxicillin","10","0","10"
"1950","Aspirin","90","0","90"
"1950","Clavulanate","0","0","0"
"1950","Doxylamine","0","0","0"
"1950","PenicillinV","0","0","0"
"1950","Other","0","100","10"
"1950","Fixed combinations","0","0","0"
"1950","All combinations","0","100","10"
"1950","Monotherapy","100","0","100"
"1966","Amoxicillin","0","NaN","0"
"1966","Aspirin","85.7142857142857","NaN","85.7142857142857"
"1966","Clavulanate","0","NaN","0"
"1966","Doxylamine","0","NaN","0"
"1966","PenicillinV","0","NaN","0"
"1966","Other","14.2857142857143","NaN","14.2857142857143"
"1966","Fixed combinations","0","0","0"
"1966","All combinations","14.2857142857143","NaN","14.2857142857143"
"1966","Monotherapy","85.7142857142857","NaN","100"
"1972","Amoxicillin","0","NaN","0"
"1972","Aspirin","66.6666666666667","NaN","66.6666666666667"
"1972","Clavulanate","0","NaN","0"
"1972","Doxylamine","0","NaN","0"
"1972","PenicillinV","0","NaN","0"
"1972","Other","33.3333333333333","NaN","33.3333333333333"
"1972","Fixed combinations","0","0","0"
"1972","All combinations","33.3333333333333","NaN","33.3333333333333"
"1972","Monotherapy","66.6666666666667","NaN","100"
"1958","Amoxicillin","0","NaN","0"
"1958","Aspirin","87.5","NaN","87.5"
"1958","Clavulanate","0","NaN","0"
"1958","Doxylamine","0","NaN","0"
"1958","PenicillinV","0","NaN","0"
"1958","Other","12.5","NaN","12.5"
"1958","Fixed combinations","0","0","0"
"1958","All combinations","12.5","NaN","12.5"
"1958","Monotherapy","87.5","NaN","100"
"1957","Amoxicillin","0","NaN","0"
"1957","Aspirin","87.5","NaN","87.5"
"1957","Clavulanate","0","NaN","0"
"1957","Doxylamine","0","NaN","0"
"1957","PenicillinV","0","NaN","0"
"1957","Other","12.5","NaN","12.5"
"1957","Fixed combinations","0","0","0"
"1957","All combinations","12.5","NaN","12.5"
"1957","Monotherapy","87.5","NaN","100"
"1976","Amoxicillin","0","NaN","0"
"1976","Aspirin","71.4285714285714","NaN","71.4285714285714"
"1976","Clavulanate","0","NaN","0"
"1976","Doxylamine","0","NaN","0"
"1976","PenicillinV","0","NaN","0"
"1976","Other","28.5714285714286","NaN","28.5714285714286"
"1976","Fixed combinations","0","0","0"
"1976","All combinations","28.5714285714286","NaN","28.5714285714286"
"1976","Monotherapy","71.4285714285714","NaN","100"
"1960","Amoxicillin","0","NaN","0"
"1960","Aspirin","78.5714285714286","NaN","78.5714285714286"
"1960","Clavulanate","0","NaN","0"
"1960","Doxylamine","0","NaN","0"
"1960","PenicillinV","0","NaN","0"
"1960","Other","21.4285714285714","NaN","21.4285714285714"
"1960","Fixed combinations","0","0","0"
"1960","All combinations","21.4285714285714","NaN","21.4285714285714"
"1960","Monotherapy","78.5714285714286","NaN","100"
"1980","Amoxicillin","33.3333333333333","NaN","33.3333333333333"
"1980","Aspirin","66.6666666666667","NaN","66.6666666666667"
"1980","Clavulanate","0","NaN","0"
"1980","Doxylamine","0","NaN","0"
"1980","PenicillinV","0","NaN","0"
"1980","Other","0","NaN","0"
"1980","Fixed combinations","0","0","0"
"1980","All combinations","0","NaN","0"
"1980","Monotherapy","100","NaN","100"
"1981","Amoxicillin","0","NaN","0"
"1981","Aspirin","60","NaN","60"
"1981","Clavulanate","0","NaN","0"
"1981","Doxylamine","0","NaN","0"
"1981","PenicillinV","0","NaN","0"
"1981","Other","40","NaN","40"
"1981","Fixed combinations","0","0","0"
"1981","All combinations","40","NaN","40"
"1981","Monotherapy","60","NaN","100"
"1959","Amoxicillin","0","NaN","0"
"1959","Aspirin","87.5","NaN","87.5"
"1959","Clavulanate","0","NaN","0"
"1959","Doxylamine","0","NaN","0"
"1959","PenicillinV","0","NaN","0"
"1959","Other","12.5","NaN","12.5"
"1959","Fixed combinations","0","0","0"
"1959","All combinations","12.5","NaN","12.5"
"1959","Monotherapy","87.5","NaN","100"
"1978","Amoxicillin","0","0","0"
"1978","Aspirin","50","0","50"
"1978","Clavulanate","0","0","0"
"1978","Doxylamine","0","0","0"
"1978","PenicillinV","0","0","0"
"1978","Other","50","100","75"
"1978","Fixed combinations","0","0","0"
"1978","All combinations","50","100","75"
"1978","Monotherapy","50","0","100"
"1982","Amoxicillin","0","NaN","0"
"1982","Aspirin","50","NaN","50"
"1982","Clavulanate","0","NaN","0"
"1982","Doxylamine","0","NaN","0"
"1982","PenicillinV","0","NaN","0"
"1982","Other","50","NaN","50"
"1982","Fixed combinations","0","0","0"
"1982","All combinations","50","NaN","50"
"1982","Monotherapy","50","NaN","100"
"1977","Amoxicillin","0","NaN","0"
"1977","Aspirin","100","NaN","100"
"1977","Clavulanate","0","NaN","0"
"1977","Doxylamine","0","NaN","0"
"1977","PenicillinV","0","NaN","0"
"1977","Other","0","NaN","0"
"1977","Fixed combinations","0","0","0"
"1977","All combinations","0","NaN","0"
"1977","Monotherapy","100","NaN","100"
"1994","Amoxicillin","0","NaN","0"
"1994","Aspirin","0","NaN","0"
"1994","Clavulanate","0","NaN","0"
"1994","Doxylamine","0","NaN","0"
"1994","PenicillinV","0","NaN","0"
"1994","Other","100","NaN","100"
"1994","Fixed combinations","0","0","0"
"1994","All combinations","100","NaN","100"
"1994","Monotherapy","0","NaN","100"
"1973","Amoxicillin","0","0","0"
"1973","Aspirin","72.7272727272727","0","72.7272727272727"
"1973","Clavulanate","0","0","0"
"1973","Doxylamine","0","0","0"
"1973","PenicillinV","0","0","0"
"1973","Other","27.2727272727273","100","36.3636363636364"
"1973","Fixed combinations","0","0","0"
"1973","All combinations","27.2727272727273","100","36.3636363636364"
"1973","Monotherapy","72.7272727272727","0","100"
"1986","Amoxicillin","0","NaN","0"
"1986","Aspirin","0","NaN","0"
"1986","Clavulanate","0","NaN","0"
"1986","Doxylamine","0","NaN","0"
"1986","PenicillinV","0","NaN","0"
"1986","Other","100","NaN","100"
"1986","Fixed combinations","0","0","0"
"1986","All combinations","100","NaN","100"
"1986","Monotherapy","0","NaN","100"
"1993","Amoxicillin","0","NaN","0"
"1993","Aspirin","0","NaN","0"
"1993","Clavulanate","0","NaN","0"
"1993","Doxylamine","0","NaN","0"
"1993","PenicillinV","0","NaN","0"
"1993","Other","100","NaN","100"
"1993","Fixed combinations","0","0","0"
"1993","All combinations","100","NaN","100"
"1993","Monotherapy","0","NaN","100"
"2008","Amoxicillin","0","NaN","0"
"2008","Aspirin","0","NaN","0"
"2008","Clavulanate","0","NaN","0"
"2008","Doxylamine","0","NaN","0"
"2008","PenicillinV","0","NaN","0"
"2008","Other","100","NaN","100"
"2008","Fixed combinations","0","0","0"
"2008","All combinations","100","NaN","100"
"2008","Monotherapy","0","NaN","100"
"1988","Amoxicillin","0","NaN","0"
"1988","Aspirin","100","NaN","100"
"1988","Clavulanate","0","NaN","0"
"1988","Doxylamine","0","NaN","0"
"1988","PenicillinV","0","NaN","0"
"1988","Other","0","NaN","0"
"1988","Fixed combinations","0","0","0"
"1988","All combinations","0","NaN","0"
"1988","Monotherapy","100","NaN","100"
"1987","Amoxicillin","0","NaN","0"
"1987","Aspirin","0","NaN","0"
"1987","Clavulanate","0","NaN","0"
"1987","Doxylamine","0","NaN","0"
"1987","PenicillinV","0","NaN","0"
"1987","Other","100","NaN","100"
"1987","Fixed combinations","0","0","0"
"1987","All combinations","100","NaN","100"
"1987","Monotherapy","0","NaN","100"
