"event_cohort_name","event_seq","AVG_DURATION","COUNT"
"Amoxicillin","1",NA,NA
"Aspirin","1",53.823,243
"Aspirin","2",NA,NA
"Clavulanate","1",NA,NA
"Other","1",90.754,57
"Other","2",94.5,6
"Total treated","1",60.86,306
"Total treated","2",82.75,8
"All combinations","1",90.75,57
"All combinations","2",94.5,6
"Monotherapy","1",54.02,249
"Monotherapy","2",NA,NA
"Amoxicillin","Overall",NA,NA
"Other","Overall",91.11,63
"Aspirin","Overall",53.77,245
"Clavulanate","Overall",NA,NA
"Total treated","Overall",61.42,314
"All combinations","Overall",91.11,63
"Monotherapy","Overall",53.96,251
"Doxylamine","Overall",NA,NA
"PenicillinV","Overall",NA,NA
