"event_cohort_name1","event_cohort_name2","index_year","freq"
"Aspirin",NA,1971,6
"Aspirin",NA,1964,13
"Aspirin",NA,1963,13
"Aspirin",NA,1967,11
"Aspirin",NA,1961,11
"Aspirin",NA,1956,10
"Aspirin",NA,1954,6
"Aspirin",NA,1969,10
"Aspirin",NA,1965,9
"Aspirin",NA,1970,5
"Aspirin",NA,1962,5
"Aspirin",NA,1955,9
"Aspirin",NA,1968,12
"Aspirin",NA,1950,8
"Aspirin",NA,1966,6
"Aspirin",NA,1953,5
"Aspirin",NA,1972,6
"Aspirin",NA,1958,7
"Aspirin",NA,1951,9
"Aspirin",NA,1957,7
"Aspirin",NA,1960,11
"Aspirin",NA,1959,7
"Aspirin",NA,1977,5
"Aspirin",NA,1973,7
"Aspirin",NA,1974,6
"Aspirin",NA,1976,5
